symbol,weighted_score,news_score,reddit_score,news_count,reddit_count
BTC,0.0128,0.0301,-0.0564,107,40
ETH,0.1009,0.1184,0.031,66,29
XRP,0.0068,0.0723,-0.2554,53,3
BNB,0.294,0.294,0.0,6,0
SOL,0.086,0.0995,0.0319,45,39
STETH,0.0,0.0,0.0,0,0
DOGE,-0.0518,-0.0561,-0.0349,32,45
TRX,0.1473,0.1595,0.0988,20,21
ADA,0.3219,0.4024,-0.0004,29,50
WBTC,0.0,0.0,0.0,0,0
XLM,-0.1217,-0.1521,0.0,8,3
HYPE,-0.2476,-0.2476,0.0,10,0
SUI,-0.2847,-0.2847,0.0,3,0
LINK,-0.1929,-0.2411,0.0,12,6
WBETH,0.0,0.0,0.0,0,0
BCH,0.0,0.0,0.0,0,0
HBAR,0.0,0.0,0.0,0,0
WEETH,0.0,0.0,0.0,0,0
AVAX,0.2565,0.3058,0.0592,5,28
LTC,0.4671,0.5869,-0.0118,11,38
WETH,0.0,0.0,0.0,0,0
LEO,-0.0297,-0.0297,0.0,32,0
TON,0.1579,0.1579,0.0,9,0
SHIB,0.0295,-0.0017,0.1543,19,14
WBT,0.0,0.0,0.0,0,0
UNI,0.1541,0.1926,0.0,16,7
DOT,0.1188,0.1355,0.0521,7,39
BGB,0.0,0.0,0.0,0,0
CRO,-0.0007,0.0,-0.0036,10,47
XMR,0.0,0.0,0.0,2,26
PEPE,-0.0081,0.0,-0.0403,3,16
AAVE,-0.0173,-0.0173,0.0,3,0
ENA,0.0,0.0,0.0,2,0
MNT,0.4566,0.4566,0.0,4,0
TAO,0.0,0.0,0.0,1,0
ETC,0.0,0.0,0.0,0,0
NEAR,-0.1668,-0.1668,0.0,8,0
APT,-0.124,-0.124,0.0,4,0
PI,-0.0178,-0.0178,0.0,53,0
ICP,0.0,0.0,0.0,0,0
OKB,0.0,0.0,0.0,0,0
JITOSOL,0.0,0.0,0.0,0,0
WETH,0.0,0.0,0.0,0,0
KAS,0.0,0.0,0.0,2,0
PENGU,0.8482,0.8482,0.0,4,0
ALGO,0.0,0.0,0.0,1,0
ARB,0.0,0.0,0.0,1,0
POL,0.462,0.462,0.0,3,0
VET,-0.1487,-0.1487,0.0,22,0
ATOM,0.063,0.063,0.0,8,0
